<?xml version="1.0" encoding="UTF-8"?>
<project-private xmlns="http://www.netbeans.org/ns/project-private/1">
    <editor-bookmarks xmlns="http://www.netbeans.org/ns/editor-bookmarks/2" lastBookmarkId="0"/>
    <open-files xmlns="http://www.netbeans.org/ns/projectui-open-files/2">
        <group>
            <file>file:/D:/KMUTT/INT101/Project/java-selfstorage/src/membership/MemberAccount.java</file>
            <file>file:/D:/KMUTT/INT101/Project/java-selfstorage/src/membership/TransactionHistory.java</file>
            <file>file:/D:/KMUTT/INT101/Project/java-selfstorage/src/membership/TransactionType.java</file>
            <file>file:/D:/KMUTT/INT101/Project/java-selfstorage/src/membership/AccountTransaction.java</file>
            <file>file:/D:/KMUTT/INT101/Project/java-selfstorage/src/TestMembership.java</file>
        </group>
    </open-files>
</project-private>
